pc6,bouwjaar,woningtype,epi_imputed
1951EV,1950,meergezinspand_laag_midden,2.14
1951HD,1924,tussenwoning,1.785
1951KH,1975,meergezinspand_laag_midden,1.451
1951XL,1948,tussenwoning,0.938
1951XL,1948,twee_onder_1_kap,1.2
1951XM,1949,tussenwoning,0.938
1951XS,1949,tussenwoning,0.938
1961GC,1953,tussenwoning,1.785
1962AD,1976,tussenwoning,1.451
1962HJ,1984,meergezinspand_laag_midden,1.451
1962HM,2006,tussenwoning,0.938
1962RL,1959,tussenwoning,1.785
1962SC,1967,meergezinspand_laag_midden,1.451
1962TS,1963,tussenwoning,1.785
1962XE,2015,tussenwoning,0.938
1963EP,1987,tussenwoning,1.24
1963JA,1995,meergezinspand_hoog,1.54
1963KH,1969,meergezinspand_hoog,1.451
1964HC,1963,meergezinspand_hoog,1.451
1964HD,1963,meergezinspand_hoog,1.785
1964HL,1968,meergezinspand_hoog,1.451
1964HT,1968,meergezinspand_hoog,1.451
1964LD,1988,hoekwoning,1.2
1964LH,1989,tussenwoning,0.938
1964NM,1949,hoekwoning,2.612
1964PC,1992,tussenwoning,0.938
1964RP,1965,meergezinspand_hoog,2.612
1964SH,1964,hoekwoning,1.451
1964TL,1962,hoekwoning,0.938
1965AD,1980,hoekwoning,1.785
1965BK,1980,tussenwoning,1.2
1965SP,1998,tussenwoning,1.2
1966MR,1970,meergezinspand_hoog,2.184
1966MV,1970,meergezinspand_hoog,2.184
1966MV,1970,meergezinspand_hoog,2.184
1966NB,1971,meergezinspand_hoog,2.184
1966SW,1980,meergezinspand_hoog,2.184
1966WE,1966,meergezinspand_hoog,2.184
1966WJ,1976,meergezinspand_hoog,1.451
1966WS,1961,meergezinspand_hoog,1.451
1966WW,2014,tussenwoning,0.938
1967GA,2006,tussenwoning,0.938
1967GG,2005,twee_onder_1_kap,0.938
1967JH,2006,tussenwoning,0.938
1967JJ,2005,meergezinspand_laag_midden,0.99
1967NC,2003,meergezinspand_hoog,0.938
1971AA,1914,tussenwoning,2.612
1971GN,1951,meergezinspand_laag_midden,1.2
1971HN,1940,twee_onder_1_kap,2.84
1971JN,1955,meergezinspand_laag_midden,1.785
1971KE,1927,tussenwoning,2.612
1971KE,1927,tussenwoning,2.184
1971KG,1929,tussenwoning,2.612
1971KX,1927,tussenwoning,1.785
1971PA,1987,meergezinspand_hoog,1.68
1972CB,1920,tussenwoning,1.451
1972CG,1926,hoekwoning,2.184
1972DH,1920,hoekwoning,1.785
1972GV,1954,meergezinspand_laag_midden,1.451
1972RW,1949,tussenwoning,1.785
1972SE,1949,hoekwoning,1.785
1972VV,2020,meergezinspand_laag_midden,0.938
1972WD,1952,tussenwoning,1.451
1972XB,1953,meergezinspand_laag_midden,1.785
1973BJ,1958,meergezinspand_hoog,1.451
1973RN,1954,tussenwoning,0.938
1973XP,1960,meergezinspand_hoog,1.451
1973ZM,1957,meergezinspand_hoog,2.184
1973ZP,1999,meergezinspand_laag_midden,0.938
1974AH,1965,meergezinspand_hoog,1.451
1974LB,1969,meergezinspand_hoog,1.451
1974LE,1969,meergezinspand_hoog,1.785
1974LN,1973,meergezinspand_laag_midden,1.2
1974SP,1973,meergezinspand_laag_midden,1.2
1974SW,1973,meergezinspand_laag_midden,1.451
1974TH,1965,meergezinspand_laag_midden,1.451
1974TS,1975,meergezinspand_laag_midden,1.785
1975BB,1905,meergezinspand_laag_midden,0.938
1975BP,2017,meergezinspand_laag_midden,0.938
1975DC,2012,meergezinspand_hoog,0.938
1975DG,2011,meergezinspand_laag_midden,0.938
1975DJ,2017,tussenwoning,0.938
1975DT,1976,meergezinspand_laag_midden,2.184
1975ED,2017,tussenwoning,0.938
1981AG,1968,tussenwoning,1.451
1981BC,1734,tussenwoning,1.785
1985CS,1970,meergezinspand_laag_midden,2.184
1985GH,1934,twee_onder_1_kap,3.237
1991BJ,1988,tussenwoning,1.2
1991GH,1989,meergezinspand_hoog,1.451
1991HL,1990,tussenwoning,1.2
1991KP,1990,hoekwoning,1.451
1991NL,1991,tussenwoning,1.32
1991PG,1989,meergezinspand_laag_midden,0.938
1991RA,1990,meergezinspand_hoog,1.2
1991SJ,1992,tussenwoning,0.938
1991SL,1992,tussenwoning,1.28
1991VA,1993,tussenwoning,1.2
1991XJ,1995,tussenwoning,1.22
2011BV,1906,meergezinspand_laag_midden,2.184
2011CM,2000,meergezinspand_laag_midden,1.2
2011CR,1910,meergezinspand_laag_midden,1.2
2011DE,1880,meergezinspand_laag_midden,1.04
2011GE,1600,tussenwoning,1.785
2011HH,1610,tussenwoning,2.184
2011JL,1990,meergezinspand_laag_midden,1.451
2011JT,1890,meergezinspand_hoog,2.184
2011JZ,1880,tussenwoning,2.612
2011KH,1885,meergezinspand_laag_midden,2.184
2011KM,1900,meergezinspand_laag_midden,1.785
2011NH,1980,meergezinspand_laag_midden,1.79
2011NS,1885,meergezinspand_laag_midden,1.785
2011PV,1890,meergezinspand_laag_midden,0.938
2011SL,1900,meergezinspand_hoog,1.451
2011SN,1880,meergezinspand_hoog,3.237
2011VT,1910,tussenwoning,1.451
2012AB,1985,meergezinspand_laag_midden,1.451
2012AH,1898,tussenwoning,2.612
2012BX,2009,meergezinspand_hoog,1.27
2012CJ,1985,meergezinspand_laag_midden,1.451
2012DS,1930,meergezinspand_hoog,3.237
2012GH,1910,tussenwoning,2.612
2012HT,1986,meergezinspand_hoog,1.451
2012JD,1913,meergezinspand_laag_midden,1.785
2012JL,1923,meergezinspand_laag_midden,0.938
2012PE,1933,vrijstaand,3.237
2012WS,2019,meergezinspand_laag_midden,0.938
2013BK,1893,meergezinspand_laag_midden,2.184
2013ES,1908,tussenwoning,1.785
2013RH,1890,tussenwoning,0.938
2014AT,1936,hoekwoning,3.237
2014CB,1950,tussenwoning,2.184
2014DC,1940,hoekwoning,2.612
2014HV,2017,meergezinspand_hoog,0.938
2014JB,1900,tussenwoning,3.237
2014RC,1928,tussenwoning,2.184
2014XJ,1956,meergezinspand_laag_midden,0.938
2015CL,1970,meergezinspand_hoog,1.44
2015HM,1918,tussenwoning,1.451
2015JN,1923,hoekwoning,2.184
2021BD,1906,meergezinspand_laag_midden,1.451
2021BG,1952,meergezinspand_laag_midden,1.785
2021DD,1923,tussenwoning,1.97
2021GA,1900,meergezinspand_hoog,2.184
2021GA,1900,meergezinspand_hoog,1.451
2021HP,1906,meergezinspand_laag_midden,1.785
2021HT,1906,meergezinspand_laag_midden,1.785
2021JJ,1906,tussenwoning,2.612
2021TR,1910,meergezinspand_laag_midden,0.938
2021VB,1906,tussenwoning,2.612
2021XN,1906,meergezinspand_laag_midden,2.184
2022CN,1999,meergezinspand_laag_midden,1.451
2022DP,1952,meergezinspand_laag_midden,1.451
2022ED,2012,meergezinspand_hoog,0.938
2022EG,1990,meergezinspand_laag_midden,1.451
2022GA,2010,meergezinspand_laag_midden,0.938
2022TV,1932,tussenwoning,1.451
2023AC,1908,hoekwoning,3.237
2023EA,1910,hoekwoning,3.237
2023NR,1931,hoekwoning,3.237
2023TD,1921,tussenwoning,2.184
2023TD,1921,tussenwoning,2.184
2023WN,1926,tussenwoning,2.612
2023XV,2013,meergezinspand_laag_midden,1.0
2024BJ,1958,meergezinspand_laag_midden,1.785
2024DT,1931,tussenwoning,1.451
2024HM,1956,meergezinspand_laag_midden,2.184
2024JR,1957,meergezinspand_laag_midden,2.184
2024JV,1959,meergezinspand_laag_midden,1.785
2024KJ,1957,meergezinspand_hoog,1.785
2024RJ,1930,tussenwoning,2.612
2024TJ,1938,tussenwoning,2.184
2025AD,1938,meergezinspand_laag_midden,1.785
2025EM,2012,meergezinspand_hoog,0.938
2025EM,2012,meergezinspand_hoog,0.938
2025EP,2016,meergezinspand_laag_midden,0.938
2025EP,2016,meergezinspand_laag_midden,0.938
2025GP,2011,tussenwoning,1.01
2025LS,1978,meergezinspand_hoog,2.184
2025LT,1978,meergezinspand_hoog,1.785
2025MC,1938,tussenwoning,2.184
2025MP,1957,meergezinspand_hoog,0.938
2025NG,1956,meergezinspand_hoog,2.81
2025NN,1957,tussenwoning,1.785
2025PC,1930,tussenwoning,3.237
2025RA,1936,tussenwoning,2.184
2025RV,1930,tussenwoning,2.612
2025TE,1927,hoekwoning,3.237
2025TH,1952,tussenwoning,1.785
2025XA,1931,tussenwoning,2.612
2025ZM,1933,tussenwoning,1.785
2026AS,1952,meergezinspand_laag_midden,1.451
2026BK,1914,hoekwoning,3.237
2026RK,2004,meergezinspand_hoog,1.2
2026SW,1969,meergezinspand_laag_midden,2.184
2026SZ,1989,hoekwoning,1.23
2026XN,1952,meergezinspand_laag_midden,1.451
2032PZ,1888,tussenwoning,1.785
2032EE,2007,meergezinspand_hoog,0.938
2032GJ,1952,meergezinspand_laag_midden,1.451
2032HG,1952,meergezinspand_laag_midden,1.451
2032HH,1952,tussenwoning,1.11
2032KA,1990,tussenwoning,1.2
2032LR,1906,tussenwoning,1.785
2032NB,1911,meergezinspand_laag_midden,0.938
2032NJ,1899,tussenwoning,1.785
2032NV,1987,meergezinspand_laag_midden,0.938
2032PE,1999,tussenwoning,1.2
2032PZ,1888,tussenwoning,0.938
2032RZ,1936,meergezinspand_laag_midden,2.612
2032ZE,2011,meergezinspand_hoog,0.938
2032ZP,1920,tussenwoning,1.451
2033CG,1990,hoekwoning,0.938
2033DA,2013,tussenwoning,0.938
2033ED,1926,meergezinspand_laag_midden,1.451
2033GB,1922,tussenwoning,0.938
2033HG,1929,meergezinspand_laag_midden,2.612
2033HL,2007,meergezinspand_laag_midden,0.99
2033JC,1928,meergezinspand_laag_midden,1.785
2033LX,1924,tussenwoning,1.82
2033MV,2014,meergezinspand_hoog,0.938
2033MZ,2014,meergezinspand_hoog,0.938
2033NE,1927,meergezinspand_laag_midden,1.62
2033NG,1927,meergezinspand_laag_midden,1.63
2033RA,2018,meergezinspand_laag_midden,0.938
2033TB,2005,meergezinspand_hoog,1.451
2033TH,1968,meergezinspand_hoog,1.451
2033TK,1968,meergezinspand_hoog,1.2
2033WK,2014,meergezinspand_hoog,0.938
2033XB,1959,meergezinspand_hoog,2.52
2034BV,2004,meergezinspand_laag_midden,0.938
2034BZ,1980,meergezinspand_hoog,1.451
2034CH,1969,meergezinspand_hoog,2.02
2034EB,1966,hoekwoning,0.938
2034GM,1970,meergezinspand_hoog,1.451
2034GT,1974,meergezinspand_hoog,1.451
2034PA,1961,meergezinspand_laag_midden,1.2
2034RM,2009,meergezinspand_laag_midden,1.25
2034RM,2008,meergezinspand_hoog,0.938
2034RZ,2018,hoekwoning,0.938
2034XK,1962,meergezinspand_hoog,1.451
2035EK,1964,tussenwoning,2.612
2035EK,1965,tussenwoning,1.785
2035ES,1964,meergezinspand_hoog,2.612
2035SC,1965,meergezinspand_hoog,1.451
2035TA,1966,meergezinspand_hoog,1.15
2035TB,1966,meergezinspand_hoog,1.21
2035TE,1966,meergezinspand_hoog,1.17
2035TK,2018,hoekwoning,0.938
2035VM,1969,meergezinspand_hoog,1.451
2035VS,1987,meergezinspand_hoog,0.938
2035XC,2004,tussenwoning,1.2
2035XL,1967,meergezinspand_hoog,2.184
2036BJ,1977,tussenwoning,1.2
2036EZ,1983,meergezinspand_hoog,1.451
2036HN,1980,tussenwoning,1.2
2036JC,1977,hoekwoning,1.451
2036KD,1971,meergezinspand_hoog,3.237
2036NA,1971,meergezinspand_laag_midden,2.07
2036TC,1982,meergezinspand_hoog,1.8
2037AN,1973,meergezinspand_hoog,2.612
2037GC,1967,meergezinspand_laag_midden,2.3
2037GC,1967,meergezinspand_laag_midden,2.45
2037GJ,1967,tussenwoning,1.62
2037JC,1968,meergezinspand_laag_midden,1.451
2037JJ,1968,tussenwoning,1.44
2037KR,1969,meergezinspand_hoog,1.451
2037KS,1969,meergezinspand_hoog,1.451
2037LA,1973,tussenwoning,1.451
2037LC,1968,meergezinspand_laag_midden,0.938
2037LP,1973,tussenwoning,1.451
2037PE,1971,meergezinspand_hoog,2.184
2037RC,1969,meergezinspand_laag_midden,1.785
2037RK,1968,meergezinspand_laag_midden,0.938
2037RT,1971,meergezinspand_hoog,2.184
2037TN,1987,tussenwoning,1.38
2037XK,1970,meergezinspand_hoog,1.785
2037XN,1974,meergezinspand_hoog,1.785
2041GB,1998,hoekwoning,0.938
2041HJ,1959,meergezinspand_hoog,2.184
2041LL,1957,meergezinspand_hoog,1.451
2041NC,1964,tussenwoning,1.785
2041SG,1976,meergezinspand_hoog,1.785
2042GJ,1980,meergezinspand_hoog,1.785
2042LC,1984,meergezinspand_hoog,1.3
2042NE,1904,tussenwoning,3.237
2042PT,2015,tussenwoning,0.938
2042VC,1903,tussenwoning,1.451
2051EG,1947,tussenwoning,2.05
2042XR,1989,meergezinspand_laag_midden,1.2
2051GM,1850,hoekwoning,2.612
2051HT,1925,tussenwoning,2.612
2051JK,1955,hoekwoning,2.184
2051KM,1998,hoekwoning,0.938
2061DJ,2011,meergezinspand_laag_midden,0.938
2061JG,1951,hoekwoning,1.2
2061VL,1950,meergezinspand_laag_midden,1.17
2064KZ,1991,vrijstaand,1.2
2064WG,1983,tussenwoning,1.2
2064XB,1970,tussenwoning,1.2
2071AS,1933,tussenwoning,2.612
2071BK,1967,meergezinspand_laag_midden,1.2
2071EC,1932,tussenwoning,2.612
2071NN,1903,hoekwoning,1.451
2071TD,2016,meergezinspand_laag_midden,0.938
2101PJ,2006,meergezinspand_laag_midden,0.99
2082EE,1969,meergezinspand_laag_midden,1.69
2082VJ,1936,tussenwoning,2.184
2101BR,1929,tussenwoning,2.184
2101CD,1993,tussenwoning,0.938
2101RG,1936,tussenwoning,1.785
2101TR,1967,meergezinspand_hoog,2.184
2101WJ,1914,tussenwoning,2.07
2102CR,1974,tussenwoning,2.184
2103SB,1910,tussenwoning,2.612
2103SM,1922,hoekwoning,3.18
2103VD,1927,tussenwoning,1.785
2103VS,1922,twee_onder_1_kap,3.237
2103XM,1955,tussenwoning,0.938
2105SN,1973,hoekwoning,1.54
2103XX,1986,meergezinspand_laag_midden,0.938
2104AL,1926,meergezinspand_laag_midden,3.237
2104BB,1965,twee_onder_1_kap,1.451
2104BJ,1966,tussenwoning,1.451
2105RE,1973,tussenwoning,1.785
2105RJ,1974,meergezinspand_laag_midden,2.0
2105TB,1979,meergezinspand_laag_midden,1.451
2106AX,1938,tussenwoning,1.2
2111HH,1999,meergezinspand_laag_midden,1.2
2111TM,1985,tussenwoning,1.451
2111VS,1953,tussenwoning,1.47
2114CK,1921,twee_onder_1_kap,2.58
2114CR,1980,tussenwoning,1.26
2114DX,1986,tussenwoning,1.451
2121AK,1996,vrijstaand,1.2
2121BM,1950,vrijstaand,2.184
2121CB,1930,tussenwoning,2.612
2121GT,1900,tussenwoning,1.785
2121VB,1965,hoekwoning,2.14
2121XH,1969,tussenwoning,1.2
2131SK,1976,tussenwoning,1.451
2131SM,1975,hoekwoning,1.451
2131SN,1975,tussenwoning,1.451
2131SP,1975,tussenwoning,1.451
2131VL,1975,meergezinspand_hoog,0.938
2131VM,1975,meergezinspand_hoog,0.938
2131WP,2009,meergezinspand_laag_midden,1.451
2131WP,2009,meergezinspand_laag_midden,1.451
2131XK,2008,tussenwoning,0.938
2131ZB,1990,meergezinspand_laag_midden,1.2
2132AA,1964,tussenwoning,1.451
2132AV,1988,meergezinspand_laag_midden,0.938
2132AX,2004,meergezinspand_hoog,0.938
2132BH,2017,meergezinspand_laag_midden,0.938
2132BH,2005,meergezinspand_hoog,1.2
2132BT,1975,meergezinspand_laag_midden,0.938
2132CJ,2001,meergezinspand_laag_midden,1.2
2132EK,1973,tussenwoning,1.785
2132ET,1973,tussenwoning,1.451
2132KR,1993,tussenwoning,0.938
2132LJ,1995,meergezinspand_hoog,0.938
2132RP,2020,meergezinspand_laag_midden,0.938
2132SJ,2016,meergezinspand_laag_midden,0.938
2132VV,1972,meergezinspand_hoog,0.938
2132VV,1972,meergezinspand_hoog,0.938
2132WC,1972,meergezinspand_hoog,0.938
2132WD,1972,meergezinspand_hoog,0.938
2133CX,1978,tussenwoning,1.451
2133HL,1981,tussenwoning,1.451
2133JL,1982,hoekwoning,1.451
2133KP,1982,meergezinspand_laag_midden,1.785
2134AD,2007,meergezinspand_hoog,0.938
2134AH,2006,tussenwoning,0.938
2134BP,2005,tussenwoning,0.938
2134BP,2005,tussenwoning,0.938
2134CP,2005,meergezinspand_laag_midden,0.938
2134CS,2005,meergezinspand_hoog,0.938
2134DV,2007,tussenwoning,0.938
2134ER,1987,tussenwoning,1.451
2134LM,2007,twee_onder_1_kap,0.938
2134LN,2007,tussenwoning,0.938
2134LN,2007,tussenwoning,0.938
2134PL,1985,tussenwoning,1.451
2134PT,1983,meergezinspand_laag_midden,0.938
2134SL,1987,meergezinspand_hoog,1.451
2134TE,1983,tussenwoning,1.2
2134TH,1983,meergezinspand_laag_midden,1.451
2134VC,1986,hoekwoning,1.451
2134WR,2003,meergezinspand_hoog,1.2
2134XG,2004,tussenwoning,0.938
2134XM,2002,hoekwoning,0.938
2134ZK,2001,vrijstaand,0.938
2134ZS,2001,meergezinspand_laag_midden,0.938
2135CH,1988,tussenwoning,1.451
2135EE,1989,hoekwoning,1.451
2135GE,1995,tussenwoning,1.2
2135HZ,1993,tussenwoning,1.2
2135KN,1994,meergezinspand_hoog,1.451
2135NA,1991,meergezinspand_laag_midden,0.938
2135NB,1992,tussenwoning,0.938
2135ND,1991,meergezinspand_laag_midden,1.2
2135NP,1992,hoekwoning,0.938
2135RA,1991,tussenwoning,1.2
2135RK,1993,hoekwoning,1.2
2135RV,1993,hoekwoning,1.2
2135RZ,1994,tussenwoning,1.2
2135TA,1996,hoekwoning,0.938
2151TK,1974,meergezinspand_hoog,0.98
2141AT,2019,tussenwoning,0.938
2141EC,1910,twee_onder_1_kap,1.451
2141MX,2010,twee_onder_1_kap,0.938
2141MZ,2003,tussenwoning,0.938
2141NA,2002,tussenwoning,0.938
2151AJ,2011,tussenwoning,0.938
2151BZ,1994,meergezinspand_laag_midden,1.2
2151HM,1999,tussenwoning,0.938
2151LE,2002,tussenwoning,0.938
2151NA,2002,meergezinspand_hoog,0.938
2151TG,1974,meergezinspand_hoog,1.2
2151TL,1974,meergezinspand_hoog,0.91
2151VC,1971,tussenwoning,1.451
2151WC,1973,hoekwoning,1.2
2151ZC,1972,tussenwoning,1.451
2152AE,1974,meergezinspand_laag_midden,2.184
2152AH,1976,meergezinspand_laag_midden,2.184
2152CE,1962,hoekwoning,1.451
2152DE,2003,tussenwoning,0.938
2152EE,2003,hoekwoning,0.938
2152HB,2003,vrijstaand,0.938
2152HG,2003,meergezinspand_laag_midden,0.938
2152HM,2002,tussenwoning,0.938
2152KH,2013,meergezinspand_laag_midden,0.938
2152KH,2009,meergezinspand_laag_midden,0.938
2152KJ,2008,vrijstaand,0.938
2152LA,1985,hoekwoning,1.2
2152SK,2006,meergezinspand_hoog,0.938
2153AL,1965,tussenwoning,1.451
2153AV,1965,tussenwoning,1.451
2153BM,1990,meergezinspand_laag_midden,1.451
2153BM,1990,meergezinspand_laag_midden,1.451
2153BW,1965,tussenwoning,1.785
2153CP,1988,hoekwoning,1.2
2153KB,1900,meergezinspand_laag_midden,1.451
2157NP,1961,tussenwoning,1.93
2159LK,1992,tussenwoning,1.2
2161BD,2015,meergezinspand_laag_midden,0.938
2161DD,1925,meergezinspand_laag_midden,2.184
2161DV,2014,meergezinspand_laag_midden,0.938
2161EH,1973,meergezinspand_laag_midden,1.45
2161EL,1976,meergezinspand_laag_midden,1.451
2161JN,1977,meergezinspand_laag_midden,1.2
2161RG,2004,meergezinspand_laag_midden,0.938
2161XB,1953,meergezinspand_laag_midden,2.184
2161XK,1958,tussenwoning,0.938
2161XL,1958,hoekwoning,2.184
2162BC,1968,meergezinspand_hoog,2.184
2162BT,1970,hoekwoning,0.938
2162CE,1969,tussenwoning,1.451
2162GA,1997,tussenwoning,1.2
2162GG,1966,tussenwoning,0.938
2162LX,2005,meergezinspand_hoog,1.2
2163KB,1987,tussenwoning,1.451
2163KK,1988,hoekwoning,1.451
2165AD,2003,hoekwoning,1.2
2165CG,2002,hoekwoning,0.938
2165XW,1986,meergezinspand_laag_midden,1.2
2171AD,2000,meergezinspand_hoog,1.451
2171CK,1951,meergezinspand_laag_midden,2.184
2171CN,1921,tussenwoning,3.237
2171DJ,1981,tussenwoning,1.451
2171HB,1923,twee_onder_1_kap,1.785
2171JC,1991,meergezinspand_hoog,1.785
2171KB,1983,meergezinspand_laag_midden,1.451
2171KT,2012,meergezinspand_laag_midden,0.938
2171PT,1991,hoekwoning,1.451
2171SB,2002,meergezinspand_laag_midden,1.2
2171VH,1962,meergezinspand_laag_midden,2.184
2171VL,1965,meergezinspand_laag_midden,1.451
2172BK,1967,meergezinspand_hoog,2.184
2172SK,2001,meergezinspand_laag_midden,1.2
2172TC,1967,tussenwoning,1.451
2181AR,1925,vrijstaand,2.612
2181BR,1920,meergezinspand_laag_midden,1.451
2181CN,1948,hoekwoning,1.2
2181CN,1948,tussenwoning,1.2
2181CR,1915,tussenwoning,2.612
2181ED,1930,meergezinspand_laag_midden,1.785
2181EG,1964,hoekwoning,2.612
2181EH,1920,vrijstaand,3.237
2181HE,1980,meergezinspand_laag_midden,1.2
2181NA,2017,twee_onder_1_kap,0.938
2181NG,2017,tussenwoning,0.938
2181TE,1958,hoekwoning,1.451
2181VS,1976,twee_onder_1_kap,1.2
2181XC,1968,tussenwoning,1.451
2182AK,2015,hoekwoning,0.938
2182BA,1985,hoekwoning,1.56
2182EV,1965,meergezinspand_hoog,2.184
2182GJ,1985,tussenwoning,1.451
2182GM,1998,tussenwoning,1.2
2182LA,1994,tussenwoning,1.2
2182LT,1970,tussenwoning,1.451
2182NN,2014,meergezinspand_hoog,0.938
2182PC,1981,meergezinspand_laag_midden,1.2
2182RN,1987,meergezinspand_laag_midden,0.938
2182ST,1973,meergezinspand_hoog,2.31
2182VA,1981,tussenwoning,1.451
2182ZS,1984,tussenwoning,1.451
2191XM,1991,meergezinspand_laag_midden,1.451
2201BE,1968,meergezinspand_laag_midden,1.785
2201CG,1966,tussenwoning,1.451
2201CJ,1966,tussenwoning,1.785
2201DB,2018,tussenwoning,0.938
2201ER,1982,meergezinspand_laag_midden,1.2
2201GT,2006,meergezinspand_laag_midden,0.938
2201HB,1939,meergezinspand_laag_midden,2.184
2201HC,1915,twee_onder_1_kap,3.82
2201JZ,2009,meergezinspand_hoog,0.938
2201KJ,2010,meergezinspand_laag_midden,0.938
2201LZ,1982,meergezinspand_laag_midden,1.451
2201MB,2009,meergezinspand_laag_midden,0.938
2201PR,2002,tussenwoning,0.938
2201PW,1948,tussenwoning,1.785
2201XA,1996,meergezinspand_laag_midden,1.2
2202BM,1973,meergezinspand_hoog,1.785
2202CT,2004,meergezinspand_laag_midden,0.938
2202EN,1940,meergezinspand_laag_midden,1.451
2202HK,1995,meergezinspand_hoog,1.451
2202JM,1952,hoekwoning,1.785
2202KK,1924,twee_onder_1_kap,2.612
2203BT,1971,hoekwoning,1.785
2203CA,1968,meergezinspand_laag_midden,0.938
2203GJ,1971,tussenwoning,1.451
2203NH,1979,hoekwoning,1.451
2211DE,1980,hoekwoning,1.451
2211DL,2007,meergezinspand_laag_midden,0.938
2211GD,1980,tussenwoning,1.451
2211GS,1956,meergezinspand_laag_midden,1.2
2211NA,2016,meergezinspand_laag_midden,0.938
2211NA,2015,meergezinspand_laag_midden,0.938
2211NV,1974,meergezinspand_hoog,1.451
2211VT,1930,twee_onder_1_kap,3.237
2211VV,1988,meergezinspand_laag_midden,1.451
2211WE,2008,vrijstaand,0.938
2211WG,1960,vrijstaand,2.184
2211XV,2020,vrijstaand,0.938
2212WB,2018,tussenwoning,0.938
2215BJ,1974,tussenwoning,1.451
2215BP,1987,tussenwoning,1.2
2215BP,1986,tussenwoning,0.938
2215HE,1962,tussenwoning,3.237
2215JE,1974,tussenwoning,1.785
2215JW,2006,meergezinspand_hoog,0.938
2215LV,2004,tussenwoning,0.938
2215ME,1996,hoekwoning,0.938
2215TZ,2020,vrijstaand,0.938
2215WB,1990,hoekwoning,1.2
2215WD,1990,hoekwoning,1.451
2215XX,2002,tussenwoning,0.938
2215ZB,2019,tussenwoning,0.938
2215ZC,2020,tussenwoning,0.938
2216EA,2017,meergezinspand_laag_midden,0.938
2216EG,2018,hoekwoning,0.938
2221CD,1968,meergezinspand_laag_midden,1.451
2221HB,1970,tussenwoning,1.451
2221KC,1981,tussenwoning,1.451
2221PG,1977,hoekwoning,1.785
2221TA,1963,meergezinspand_hoog,1.2
2221XA,1974,hoekwoning,1.451
2223AB,1925,tussenwoning,2.184
2223AG,1910,twee_onder_1_kap,3.237
2223AP,1970,meergezinspand_laag_midden,2.184
2223DB,1989,twee_onder_1_kap,0.938
2223VP,1973,meergezinspand_hoog,0.938
2224BR,1970,meergezinspand_laag_midden,1.95
2224DE,2002,hoekwoning,1.11
2224GN,2002,tussenwoning,1.2
2224GV,2003,tussenwoning,1.2
2224HR,1959,meergezinspand_laag_midden,1.54
2224JA,1961,meergezinspand_laag_midden,1.451
2224VP,1962,meergezinspand_hoog,1.2
2224XM,1957,meergezinspand_hoog,2.184
2225KE,1930,meergezinspand_hoog,1.451
2225KM,1935,hoekwoning,2.612
2225KS,1930,hoekwoning,0.938
2225LE,1930,twee_onder_1_kap,3.237
2225LR,1930,hoekwoning,1.451
2225PG,1961,meergezinspand_hoog,2.612
2225RK,1934,hoekwoning,2.184
2225TX,2015,meergezinspand_laag_midden,0.938
2225XJ,1919,hoekwoning,1.2
2231BR,1994,meergezinspand_laag_midden,0.938
2231CD,1915,tussenwoning,2.612
2231DC,1995,meergezinspand_laag_midden,1.2
2231DE,1987,meergezinspand_laag_midden,1.451
2231DE,1987,meergezinspand_laag_midden,1.2
2231DN,2009,meergezinspand_hoog,0.938
2231DR,2011,tussenwoning,0.938
2231JM,2016,meergezinspand_laag_midden,0.938
2231KW,1950,hoekwoning,1.29
2231LC,1956,twee_onder_1_kap,1.451
2231NC,1935,tussenwoning,3.237
2231NL,1967,twee_onder_1_kap,1.785
2231RH,1956,meergezinspand_laag_midden,1.2
2231TA,1976,tussenwoning,1.451
2231VX,1972,tussenwoning,1.451
2231WP,1982,meergezinspand_laag_midden,1.2
2231WT,1998,tussenwoning,0.938
2232AH,2017,hoekwoning,0.938
2235AM,1969,meergezinspand_laag_midden,1.2
2235AW,1978,hoekwoning,1.2
2235TR,2011,meergezinspand_hoog,1.07
2241KA,1970,twee_onder_1_kap,1.451
2241KD,1957,meergezinspand_laag_midden,1.785
2241MJ,1988,meergezinspand_laag_midden,1.451
2241NH,1960,meergezinspand_hoog,1.451
2241NS,1968,tussenwoning,1.451
2241TC,1970,meergezinspand_hoog,0.938
2242AJ,1928,twee_onder_1_kap,2.612
2242AV,1935,tussenwoning,2.184
2242CC,1954,vrijstaand,2.184
2242HJ,1905,hoekwoning,1.451
2242JT,1985,meergezinspand_hoog,1.785
2242JV,1985,meergezinspand_laag_midden,1.785
2242JZ,1981,meergezinspand_laag_midden,2.184
2242KT,2007,meergezinspand_laag_midden,1.2
2242LN,1938,tussenwoning,2.184
2242RH,1982,tussenwoning,1.2
2244AA,1974,vrijstaand,2.612
2244BA,1930,vrijstaand,1.785
2244BA,1930,hoekwoning,2.184
2244CD,1928,tussenwoning,2.184
2245BH,1975,meergezinspand_hoog,1.451
2245BH,1975,meergezinspand_hoog,1.2
2245XJ,1950,tussenwoning,2.612
2251JL,1959,tussenwoning,1.785
2251RP,1993,tussenwoning,1.451
2251SM,1952,hoekwoning,1.785
2251TA,1950,hoekwoning,3.237
2251XN,1960,meergezinspand_laag_midden,2.184
2252CB,1967,tussenwoning,1.451
2252TT,1969,tussenwoning,1.451
2252VT,1935,tussenwoning,2.184
2253AC,1905,tussenwoning,2.184
2253CX,1968,hoekwoning,1.451
2253JD,1925,tussenwoning,2.612
2253LA,1970,meergezinspand_hoog,2.05
2253RV,1984,tussenwoning,1.451
2253TH,1969,tussenwoning,1.88
2254BG,2011,tussenwoning,0.85
2261AG,1969,meergezinspand_hoog,1.37
2261CM,1998,tussenwoning,0.938
2261CT,1996,meergezinspand_hoog,1.2
2261DA,1998,meergezinspand_hoog,1.53
2261DM,1998,meergezinspand_hoog,1.2
2261XT,1978,meergezinspand_hoog,1.785
2261XT,1978,meergezinspand_hoog,1.451
2262BM,1966,meergezinspand_hoog,2.184
2262VM,1961,meergezinspand_hoog,1.451
2263AL,1965,meergezinspand_hoog,1.785
2263CP,1967,meergezinspand_hoog,1.785
2263HL,1967,meergezinspand_hoog,1.451
2263VA,1965,tussenwoning,1.451
2263VR,1964,meergezinspand_hoog,1.785
2263VV,1962,meergezinspand_hoog,1.451
2263XJ,1964,meergezinspand_hoog,1.451
2263XK,1964,meergezinspand_hoog,1.451
2263XL,1965,meergezinspand_hoog,2.612
2263XP,1965,meergezinspand_hoog,2.184
2264BH,1954,meergezinspand_laag_midden,2.184
2264CB,1956,meergezinspand_laag_midden,1.785
2264CW,1958,tussenwoning,1.785
2264DD,1985,hoekwoning,1.451
2264DN,1986,tussenwoning,0.938
2264HX,1985,hoekwoning,1.451
2264JE,1985,meergezinspand_laag_midden,1.451
2264JR,1984,tussenwoning,0.938
2264JT,1986,tussenwoning,1.451
2264KK,1982,hoekwoning,1.451
2264KR,1982,tussenwoning,1.2
2264MP,1982,tussenwoning,1.451
2264MS,1982,hoekwoning,1.451
2264ZD,1955,meergezinspand_laag_midden,1.2
2265AA,2012,meergezinspand_laag_midden,0.938
2265BR,1998,meergezinspand_hoog,1.451
2265DH,1990,twee_onder_1_kap,1.2
2265DV,1992,tussenwoning,1.2
2265VH,1996,meergezinspand_hoog,1.2
2265WB,2007,meergezinspand_hoog,0.938
2265XG,2013,meergezinspand_hoog,0.938
2266AC,1955,meergezinspand_laag_midden,1.1
2266EB,1972,meergezinspand_hoog,2.184
2266ET,1979,meergezinspand_laag_midden,1.451
2266LC,1925,hoekwoning,3.237
2271AM,1982,meergezinspand_laag_midden,1.2
2271AM,1982,meergezinspand_laag_midden,1.451
2271ES,1983,tussenwoning,1.451
2271VS,1992,tussenwoning,0.938
2272AP,1988,meergezinspand_laag_midden,0.938
2272BV,1972,meergezinspand_hoog,1.451
2272CR,1976,meergezinspand_hoog,1.785
2272ES,1973,tussenwoning,0.938
2272HD,1974,meergezinspand_hoog,2.03
2272JA,1975,tussenwoning,1.2
2272NB,1974,hoekwoning,1.451
2272SK,2005,meergezinspand_hoog,0.938
2272VR,1973,tussenwoning,1.451
2273CH,1955,meergezinspand_laag_midden,2.76
2272WS,2003,hoekwoning,0.938
2273AJ,1972,meergezinspand_hoog,2.184
2273BL,1984,meergezinspand_hoog,1.2
2273ED,1962,meergezinspand_hoog,1.451
2273EJ,1969,meergezinspand_hoog,2.612
2273GD,1962,meergezinspand_hoog,1.2
2273HA,1962,meergezinspand_hoog,2.184
2273JC,1955,meergezinspand_hoog,1.785
2273RH,1955,meergezinspand_hoog,2.184
2273TP,1954,meergezinspand_hoog,1.451
2273VE,1958,meergezinspand_laag_midden,1.451
2273VE,1958,meergezinspand_laag_midden,1.2
2273XJ,1959,meergezinspand_hoog,1.451
2274AJ,1931,meergezinspand_laag_midden,1.785
2274BN,1930,meergezinspand_laag_midden,1.785
2274ER,1930,meergezinspand_laag_midden,1.785
2274HM,1953,meergezinspand_laag_midden,1.451
2274HM,1953,meergezinspand_laag_midden,1.2
2274LK,1960,meergezinspand_laag_midden,1.785
2274LR,1955,meergezinspand_laag_midden,0.938
2274NJ,1987,meergezinspand_laag_midden,1.451
2274PL,1928,meergezinspand_laag_midden,1.451
2274PN,1928,meergezinspand_laag_midden,2.612
2274PX,1933,meergezinspand_laag_midden,1.785
2274VH,1954,meergezinspand_laag_midden,1.2
2274XP,1953,meergezinspand_hoog,1.451
2275EG,1923,meergezinspand_laag_midden,0.938
2275VN,1984,meergezinspand_hoog,1.451
2275XZ,1941,meergezinspand_laag_midden,1.785
2281AS,1927,tussenwoning,2.612
2281BA,1927,meergezinspand_laag_midden,2.184
2281BB,1927,meergezinspand_laag_midden,2.612
2281CZ,1989,tussenwoning,1.2
2281GL,1906,meergezinspand_laag_midden,1.785
2282AM,1922,meergezinspand_laag_midden,2.184
2282CV,1923,meergezinspand_laag_midden,2.612
2282EB,1922,meergezinspand_laag_midden,2.184
2282GH,1956,meergezinspand_laag_midden,1.451
2282GJ,1956,meergezinspand_laag_midden,1.785
2282GS,1955,meergezinspand_hoog,1.785
2282JV,1933,hoekwoning,3.237
2282LL,1935,meergezinspand_laag_midden,1.451
2282MR,1985,meergezinspand_laag_midden,1.2
2282NM,1984,meergezinspand_laag_midden,1.451
2282NX,1984,meergezinspand_laag_midden,1.451
2282NX,1984,meergezinspand_laag_midden,1.451
2282PL,2015,hoekwoning,0.938
2282SM,1981,meergezinspand_hoog,1.58
2282TA,1959,meergezinspand_hoog,2.184
2282VD,1956,meergezinspand_laag_midden,1.785
2282VP,1956,meergezinspand_laag_midden,2.184
2283AA,1957,meergezinspand_hoog,2.612
2283AH,1957,meergezinspand_laag_midden,2.184
2283JN,1995,meergezinspand_hoog,1.2
2283JN,1996,hoekwoning,1.2
2283JV,2020,hoekwoning,0.938
2283SR,1960,meergezinspand_hoog,1.785
2283XL,1973,meergezinspand_hoog,0.938
2283XL,1973,meergezinspand_hoog,0.938
2283XL,1973,meergezinspand_hoog,0.938
2283XM,1970,meergezinspand_hoog,2.184
2284BB,1975,meergezinspand_hoog,2.184
2284BZ,1983,meergezinspand_laag_midden,1.2
2284CH,1965,meergezinspand_hoog,1.451
2284EH,1998,meergezinspand_hoog,1.451
2284HE,1964,meergezinspand_laag_midden,2.8
2284XA,1961,meergezinspand_hoog,1.451
2285AB,1972,meergezinspand_hoog,3.237
2285AB,1972,meergezinspand_hoog,1.451
2285AD,1972,meergezinspand_hoog,2.612
2285EG,1960,meergezinspand_laag_midden,1.785
2285HS,1959,meergezinspand_laag_midden,1.451
2285JJ,1996,hoekwoning,1.2
2286AG,1975,tussenwoning,1.451
2286AJ,1969,meergezinspand_hoog,2.184
2286AN,1969,meergezinspand_hoog,2.184
2286BH,1973,meergezinspand_hoog,1.2
2286BM,1970,hoekwoning,1.785
2286GA,1969,meergezinspand_hoog,2.184
2286GE,1968,hoekwoning,1.451
2286GT,1968,tussenwoning,1.2
2286KM,1925,tussenwoning,2.612
2286KV,2017,tussenwoning,0.938
2286PE,1974,meergezinspand_hoog,1.785
2286PJ,1974,meergezinspand_hoog,1.451
2286RN,1973,tussenwoning,1.451
2286SG,1974,meergezinspand_hoog,1.451
2286SL,1974,meergezinspand_hoog,1.451
2286SR,1974,meergezinspand_hoog,1.451
2286SW,1974,meergezinspand_hoog,1.451
2286SZ,1974,meergezinspand_hoog,1.451
2286VE,1970,hoekwoning,1.785
2286WB,2016,tussenwoning,0.938
2286XX,2016,hoekwoning,0.938
2287CJ,2012,meergezinspand_hoog,1.85
2287CW,1967,meergezinspand_hoog,0.938
2287TG,1966,meergezinspand_hoog,1.2
2287VA,1965,meergezinspand_hoog,0.938
2287VK,1974,meergezinspand_hoog,3.237
2289BH,1985,meergezinspand_hoog,1.451
2289BJ,1985,meergezinspand_hoog,1.451
2289EH,1988,tussenwoning,1.451
2291KA,1978,meergezinspand_laag_midden,1.2
2291LC,1982,meergezinspand_laag_midden,1.2
2291MJ,1987,tussenwoning,1.451
2291RV,1989,hoekwoning,1.451
2291VD,1969,tussenwoning,1.451
2291VE,1969,tussenwoning,1.451
2291VK,1965,tussenwoning,1.451
2291VN,1965,tussenwoning,1.451
2291WD,2016,tussenwoning,0.938
2291XV,1966,tussenwoning,1.451
2291ZP,2019,twee_onder_1_kap,0.938
2295ND,1972,twee_onder_1_kap,1.451
2295PN,1962,tussenwoning,1.785
2295PV,1965,tussenwoning,1.785
2295RA,1976,meergezinspand_laag_midden,1.785
2311AS,1880,meergezinspand_laag_midden,1.2
2311BG,1998,tussenwoning,0.938
2311ND,1750,tussenwoning,2.184
2311PL,1750,tussenwoning,2.612
2311TB,1825,meergezinspand_laag_midden,0.86
2311WL,1984,meergezinspand_laag_midden,1.4
2311WN,1984,tussenwoning,1.42
2311XW,1880,meergezinspand_laag_midden,2.612
2312AD,1929,tussenwoning,2.184
2312CH,1926,tussenwoning,2.612
2312EM,1909,meergezinspand_hoog,2.612
2312ES,1979,meergezinspand_hoog,1.451
2312ET,1979,meergezinspand_hoog,1.451
2312GT,1650,meergezinspand_laag_midden,1.451
2312KA,1860,meergezinspand_laag_midden,1.2
2312KM,1983,meergezinspand_laag_midden,1.4
2312LE,1750,tussenwoning,2.612
2312LT,1986,tussenwoning,1.451
2312NJ,1978,meergezinspand_laag_midden,1.65
2312VS,1918,meergezinspand_laag_midden,3.237
2312VW,1750,tussenwoning,3.237
2312WX,1650,meergezinspand_laag_midden,3.237
2312ZE,1928,meergezinspand_laag_midden,1.451
2313GN,1958,meergezinspand_hoog,1.79
2313NH,1920,tussenwoning,1.451
2313PT,1950,tussenwoning,1.92
2313RE,1936,tussenwoning,2.612
2313RH,1936,tussenwoning,2.612
2313RR,1953,meergezinspand_laag_midden,1.2
2313XL,1936,hoekwoning,2.612
2314BC,1920,hoekwoning,3.237
2314BE,2005,tussenwoning,0.938
2314BW,2005,meergezinspand_hoog,1.2
2314BX,2005,meergezinspand_hoog,0.938
2314CC,2009,meergezinspand_laag_midden,0.938
2314CP,2008,tussenwoning,0.938
2314TN,1965,meergezinspand_laag_midden,2.53
2314VK,1968,meergezinspand_hoog,1.785
2314VX,1953,hoekwoning,0.938
2315AC,1958,meergezinspand_hoog,2.19
2315BA,1925,hoekwoning,1.12
2315BE,1925,meergezinspand_laag_midden,1.24
2315EB,2017,meergezinspand_laag_midden,0.938
2315GT,1925,meergezinspand_laag_midden,1.23
2315KK,1934,twee_onder_1_kap,3.237
2315XM,1960,meergezinspand_hoog,1.451
2315XP,1960,meergezinspand_hoog,1.451
2315XV,1999,meergezinspand_hoog,1.2
2316DB,2013,meergezinspand_hoog,0.938
2316HN,1916,tussenwoning,1.2
2316JM,1990,meergezinspand_laag_midden,1.31
2316RE,1957,meergezinspand_laag_midden,0.938
2316RM,1951,twee_onder_1_kap,3.237
2316SZ,1925,tussenwoning,2.612
2316TD,1982,meergezinspand_laag_midden,1.76
2317AC,1972,meergezinspand_hoog,1.96
2317CH,1972,meergezinspand_hoog,2.184
2317ES,1975,hoekwoning,1.451
2317NB,1976,tussenwoning,0.938
2317RC,1977,meergezinspand_hoog,1.451
2317SX,1978,meergezinspand_hoog,2.184
2317WC,1975,meergezinspand_laag_midden,1.86
2317XG,1975,tussenwoning,1.451
2317XJ,1975,hoekwoning,1.451
2317ZM,1974,meergezinspand_hoog,1.2
2317ZN,1974,meergezinspand_hoog,1.2
2318AK,1977,hoekwoning,1.451
2318AM,1977,tussenwoning,1.85
2318BB,1982,meergezinspand_laag_midden,1.785
2318TE,1977,tussenwoning,1.2
2321EW,1961,hoekwoning,2.68
2321GJ,1971,meergezinspand_hoog,2.184
2321HD,1952,tussenwoning,1.785
2321HR,1948,tussenwoning,1.451
2321JM,1995,tussenwoning,1.2
2321JV,1991,meergezinspand_hoog,1.06
2321JV,1991,meergezinspand_hoog,1.07
2321JW,1989,meergezinspand_hoog,1.2
2321KJ,2019,meergezinspand_laag_midden,0.938
2321KK,2019,meergezinspand_laag_midden,1.2
2321KK,2019,meergezinspand_laag_midden,0.938
2321KW,2015,meergezinspand_laag_midden,0.938
2321KX,2015,meergezinspand_laag_midden,0.938
2321RD,1978,meergezinspand_hoog,1.451
2321RX,1956,meergezinspand_laag_midden,2.04
2321ST,1956,meergezinspand_hoog,2.38
2321TV,2013,meergezinspand_laag_midden,1.2
2321WG,2018,meergezinspand_laag_midden,0.938
2324BD,1969,hoekwoning,1.785
2324EB,1967,meergezinspand_laag_midden,1.785
2324GC,1967,meergezinspand_hoog,1.785
2324GE,1967,meergezinspand_hoog,2.612
2324HP,1964,meergezinspand_laag_midden,2.25
2324KA,1965,meergezinspand_hoog,1.96
2324LE,1964,meergezinspand_hoog,1.56
2324LE,1964,meergezinspand_hoog,1.56
2324VE,1959,tussenwoning,1.81
2324VN,1961,meergezinspand_laag_midden,2.184
2324VZ,1959,hoekwoning,1.785
2331BG,1994,tussenwoning,0.938
2331BJ,1993,tussenwoning,0.938
2331BL,1993,meergezinspand_laag_midden,1.2
2331CN,1990,hoekwoning,1.4
2331ES,1984,hoekwoning,1.451
2331HA,1985,meergezinspand_laag_midden,1.59
2331LA,1986,tussenwoning,1.4
2331MJ,1991,meergezinspand_hoog,0.938
2331PK,1991,tussenwoning,1.29
2331RG,1983,tussenwoning,1.5
2331SM,1991,tussenwoning,1.451
2331SW,1991,tussenwoning,0.938
2331SZ,1991,meergezinspand_laag_midden,1.2
2332BP,1971,meergezinspand_hoog,0.938
2332BP,1971,meergezinspand_hoog,1.451
2332DA,1974,meergezinspand_hoog,1.2
2332DA,1974,meergezinspand_hoog,1.43
2332DA,1974,meergezinspand_hoog,2.184
2332EK,1929,tussenwoning,2.184
2332ET,1981,meergezinspand_laag_midden,1.451
2332KC,1972,tussenwoning,1.451
2332RA,1970,meergezinspand_hoog,1.785
2332RT,1982,meergezinspand_laag_midden,1.21
2332VX,1950,tussenwoning,1.24
2332XL,1956,meergezinspand_laag_midden,1.7
2333BP,2017,meergezinspand_laag_midden,0.938
2333BR,2017,meergezinspand_hoog,0.938
2333BV,1954,meergezinspand_hoog,1.451
2333DD,2011,meergezinspand_hoog,0.938
2333DG,2011,meergezinspand_hoog,0.938
2334BW,2019,tussenwoning,0.938
2334CC,1980,tussenwoning,0.938
2334CN,2019,meergezinspand_laag_midden,0.938
2334CP,2016,meergezinspand_laag_midden,0.938
2334CP,2016,meergezinspand_laag_midden,0.938
2334EA,2020,meergezinspand_hoog,0.938
2341BV,1923,tussenwoning,1.451
2341CT,1925,hoekwoning,3.237
2341GJ,1922,hoekwoning,2.184
2341GK,1929,tussenwoning,2.184
2341HE,1965,meergezinspand_hoog,2.184
2341KB,1966,twee_onder_1_kap,1.451
2341NV,2005,tussenwoning,0.938
2341PK,2003,meergezinspand_hoog,1.2
2341PK,2003,meergezinspand_hoog,0.938
2341PM,2000,tussenwoning,0.938
2341PX,2009,meergezinspand_hoog,0.938
2341SV,1956,tussenwoning,2.184
2341XE,1953,meergezinspand_laag_midden,0.84
2341XT,2015,tussenwoning,0.938
2342BA,2019,twee_onder_1_kap,0.938
2342BC,2018,hoekwoning,0.938
2342BL,2007,tussenwoning,0.938
2342BJ,2016,tussenwoning,0.938
2342BR,2020,hoekwoning,0.938
2343AS,1950,meergezinspand_laag_midden,1.451
2343DH,1985,tussenwoning,1.2
2343EE,1969,meergezinspand_hoog,2.184
2343JR,1988,meergezinspand_laag_midden,1.451
2343LV,1987,meergezinspand_laag_midden,0.938
2343LX,1987,meergezinspand_laag_midden,0.938
2343MG,1984,hoekwoning,1.451
2343ML,1983,tussenwoning,1.41
2343NH,1995,tussenwoning,1.27
2343PK,1981,tussenwoning,1.451
2343PV,1984,vrijstaand,0.938
2343PZ,1994,meergezinspand_laag_midden,1.15
2343TE,1960,tussenwoning,2.612
2343TP,1969,meergezinspand_hoog,1.13
2343XR,1965,meergezinspand_hoog,1.63
2352BD,1970,meergezinspand_hoog,0.938
2352BK,1968,meergezinspand_hoog,2.184
2352DK,2006,meergezinspand_hoog,1.03
2352DR,1995,meergezinspand_laag_midden,1.13
2352DS,1995,meergezinspand_laag_midden,1.2
